"player_id","name","team","handle","verdict"
"8131","최윤석","SSG","cho_1ys","safe_branch"
"7956","김민규","KIA","min__gyuu19","safe_branch"
"5425","김재상","삼성","_kjaes_","safe_branch"
"116","강백호","한화","h0_baek","safe_branch"
"70","김태연","한화","tea_yeon_kim","safe_branch"
"147","권동진","KT","__djkwon","safe_branch"
"173","박재현","KIA","nxx.oe","safe_branch"
"162","안상현","SSG","a_xx.h_","safe_branch"
"7948","한승연","KIA","_hankart_","safe_branch"
"75","윤준호","두산","zun.hoh","safe_branch"
"7","이재현","삼성","lee.j.hyeon7_","safe_branch"
"27","김건희","키움","king_gunhee","safe_branch"
"149","김재환","SSG","gimjaehwan9683","safe_branch"
"4","이주헌","LG","ju_heon__","safe_branch"
"159","이지영","SSG","team_futures","safe_branch"
"7320","김재혁","삼성","_hyuk1226","safe_branch"
"8259","홍성호","두산","almond__44","safe_branch"
"19","윤도현","KIA","y_d0hyun","safe_branch"
"160","최원영","LG","c_won_00","safe_branch"
"6954","이호연","KIA","ho_yeon_00","safe_branch"
"198","김정호","NC","_postargram_","safe_branch"
"181","심재훈","삼성","simho0on","safe_branch"
"193","김동헌","키움","dong_honey_","safe_branch"
"8197","신성호","NC","sin_star___","safe_branch"
"8387","최항","롯데","hang_e444","safe_branch"
"8400","정준영","KT","_wnsxux","safe_branch"
"98","최유빈","한화","y_b_chol_","safe_branch"
"3760","오태양","NC","5.sun_","safe_branch"
"2539","조대현","KT","225studio.official","safe_branch"
"8402","이용준","NC","dragon_jun_02","safe_branch"
"8215","최요한","NC","_cy0han","safe_branch"
"396","이상동","KT","lee_s_dong","safe_branch"
"234","윤태호","두산","taeho_10_","safe_branch"
"355","이민우","한화","___mi_nu___","safe_branch"
"3766","정현수","롯데","j._.hyeon._.su","safe_branch"
"392","이상규","한화","im_kyuu__","safe_branch"
"334","김영우","LG","neongwoo","safe_branch"
"251","최준용","롯데","yong._.18","safe_branch"
"367","최민석","두산","alsthrdl","safe_branch"
"250","주권","KT","kt_j.kwon","safe_branch"
"361","이영하","두산","youngha_","safe_branch"
"213","김강현","롯데","kkh___19","safe_branch"
"307","정동윤","SSG","dyoon____","safe_branch"
"2641","김영규","NC","team_futures","safe_branch"
"211","구창모","NC","koo__c_m_59","safe_branch"
"216","김범수","KIA","kim_b_s__49","safe_branch"
"328","박준우","롯데","qkr_.wnsdn","safe_branch"
"215","김민","SSG","414k.m","safe_branch"
"8054","김윤식","LG","kys__47","safe_branch"
"336","임지민","NC","iminz___","safe_branch"
"383","최준호","두산","c.jun.ho","safe_branch"
"256","홍민기","롯데","minki__38","safe_branch"
"398","김태경","NC","tae_gyeong60","safe_branch"
"3762","박정수","두산","_parkjungsoo_","safe_branch"
"303","김진호","NC","jin.howoo__","safe_branch"
"308","김기훈","KIA","5rlgnsdl3","safe_branch"
"223","박정민","롯데","jxxngxin_","safe_branch"
"8010","김정운","KT","k._.2woon9_","safe_branch"
"324","이정용","LG","yi_jyong","safe_branch"
"3740","박상원","한화","sangwon.58","safe_branch"
"331","조건희","LG","gungeon__","safe_branch"
"8123","이준기","SSG","juneki_lee","safe_branch"
"3785","정세영","키움","gnuoyes0_","safe_branch"
"354","손주환","NC","wn._.ghks","safe_branch"
"347","윤성빈","롯데","y__s_bin_","safe_branch"
"7938","김연주","키움","_y._.jjuu","safe_branch"
"3765","석정우","SSG","zlxpen","team_ok"
"8403","전의산","SSG","jeon_ui_san","team_ok"
"58","안현민","KT","_min_el_dorado","team_ok"
"12","고명준","SSG","myeongjun.ko","team_ok"
"174","이우성","NC","l_ee_h_k","team_ok"
"82","허경민","KT","heo_jamong_","team_ok"
"20","문성주","LG","sung__ju.8","team_ok"
"141","박성한","SSG","sung_han_","team_ok"
"101","구자욱","삼성","koojawook","team_ok"
"150","조수행","두산","soo.haeng_51","team_ok"
"3787","박정현","한화","","drop_no_team"
"62","류현인","KT","ryu.h.i","team_ok"
"56","페라자","한화","la_perla_negra15","team_ok"
"8342","고승민","롯데","gsm__222","team_ok"
"100","박준순","두산","noos_.nuj","team_ok"
"11","류지혁","삼성","i_hyun_deun_el","team_ok"
"3311","채현우","SSG","hyunwoo__15","team_ok"
"146","한준수","KIA","jun__su_han25","team_ok"
"69","김상수","KT","225studio.official","team_ok"
"60","박민우","NC","roy____park__","team_ok"
"118","박찬혁","키움","cool__hyeok","team_ok"
"2417","문보경","LG","moon__bo_07","team_ok"
"3786","주효상","KIA","joo__h__s","team_ok"
"2484","한석현","NC","han9405","team_ok"
"34","유준규","KT","__so._.happy","team_ok"
"127","최준우","SSG","c7._.junwoo","team_ok"
"196","김주원","NC","k__ju_1_","team_ok"
"73","박건우","NC","kunwoo90","team_ok"
"180","정준재","SSG","jjeong_junjae","team_ok"
"94","김지찬","삼성","01kimjichan","team_ok"
"87","황성빈","롯데","bin__ooo","team_ok"
"8","안치홍","키움","anchihong13","team_ok"
"89","허인서","한화","_in__seo__","team_ok"
"14","김휘집","NC","_jipjip_44","team_ok"
"111","홍대인","SSG","ghdeodls","team_ok"
"104","심우준","한화","w.j.sim","team_ok"
"26","김성윤","삼성","yo39on","team_ok"
"83","박지훈","두산","","drop_no_team"
"22","힐리어드","KT","senorsamuelson","team_ok"
"55","송찬의","LG","javy_ce_66","team_ok"
"51","나성범","KIA","sungbum_na.47","team_ok"
"2","구본혁","LG","_9bon_","team_ok"
"3759","박승규","삼성","seung_kyu00","team_ok"
"155","김선빈","KIA","ksb___3","team_ok"
"167","전민재","롯데","m__j_13","team_ok"
"24","오지환","LG","oh_ye_sh_sh","team_ok"
"57","박해민","LG","hm_denden17","team_ok"
"21","천성호","LG","seongho___53","team_ok"
"37","장두성","롯데","duseong_jang7","team_ok"
"197","김규성","KIA","_k__k__s_","team_ok"
"152","박찬호","두산","chanhopark61","team_ok"
"124","오명진","두산","audwls6","team_ok"
"59","김도영","KIA","im.__.zandi","team_ok"
"115","노시환","한화","hwanisi","team_ok"
"31","에레디아","SSG","heredia54","team_ok"
"43","서건창","키움","seo___bb","team_ok"
"71","김헌곤","삼성","gjsrhs11","team_ok"
"8356","나승엽","롯데","n_s_yyyyy","team_ok"
"144","최주환","키움","fantastic__53","team_ok"
"40","정수빈","두산","4__dh","team_ok"
"110","전병우","삼성","bok2_jiyoo","team_ok"
"138","강민호","삼성","mmmmmmminho_47","team_ok"
"8309","김웅빈","키움","_woong.bin","team_ok"
"3755","한동희","롯데","han.d.h_25","team_ok"
"151","하주석","한화","joo.suc","team_ok"
"99","최정원","NC","225studio.official","team_ok"
"32","박동원","LG","_colorwithjoy","team_ok"
"8396","아데를린","KIA","aderlinrodriguez_34","team_ok"
"7936","정보근","롯데","j_bo.keun","team_ok"
"3776","임병욱","키움","lim.bang_","team_ok"
"3772","윤준혁","NC","hyeok___31","team_ok"
"117","김인태","두산","225studio.official","team_ok"
"123","신윤후","롯데","yoon.hoo__","team_ok"
"165","양의지","두산","yang_eui_ji","team_ok"
"48","손아섭","두산","son_ahseop","team_ok"
"66","이주형","키움","leeeee_jju","team_ok"
"192","조형우","SSG","www_ch_","team_ok"
"103","한태양","롯데","taeyanghxn","team_ok"
"106","유강남","롯데","lalala__hoha","team_ok"
"178","김성욱","SSG","sogogi31","team_ok"
"96","오선우","KIA","o.h_1213","team_ok"
"74","안중열","NC","yalluan_1995","team_ok"
"88","오태곤","SSG","taegon.oh","team_ok"
"18","홍창기","LG","hongchangki_51","team_ok"
"137","황영묵","한화","h_y_m_9595","team_ok"
"33","박수종","키움","su._.bell","team_ok"
"190","박주홍","키움","p___juhong","team_ok"
"112","어준서","키움","joon.s2o","team_ok"
"6559","송지후","키움","jiho.o0501","team_ok"
"47","강승호","두산","atoi_zila","team_ok"
"29","신민재","LG","shinminjae___4","team_ok"
"8325","여동욱","키움","du_kkang","team_ok"
"8122","이정범","SSG","jeongbeom__33","team_ok"
"9","전준우","롯데","wnsdn1986","team_ok"
"15","안재석","두산","an_jaeseok","team_ok"
"77","이형종","키움","leehyungjong36","team_ok"
"113","노진혁","롯데","njhshr52","team_ok"
"6","박민","KIA","minpark._.2","team_ok"
"166","임지열","키움","j____________________i","team_ok"
"187","오영수","NC","yeongsuoh","team_ok"
"185","손성빈","롯데","son_s_b_28","team_ok"
"102","장성우","KT","zzangdoo22","team_ok"
"93","양석환","두산","luvinbloom","team_ok"
"1","윤동희","롯데","dh_yoon91","team_ok"
"175","천재환","NC","1.000_jh","team_ok"
"143","이강민","KT","kangmiinii","team_ok"
"80","이영빈","LG","_2_0_bin","team_ok"
"153","권희동","NC","rin_sz_dong","team_ok"
"65","배정대","KT","jd__bae_","team_ok"
"182","양우현","삼성","wwohynn","team_ok"
"35","한승택","KT","ta_eke_0","team_ok"
"156","박계범","삼성","_ppggbb","team_ok"
"44","오선진","키움","gorani_oh","team_ok"
"125","전태현","키움","t__hyuun","team_ok"
"7949","류효승","SSG","hyonolulu_","team_ok"
"91","양현종","키움","yangyang545454","team_ok"
"157","박세혁","삼성","parksseho","team_ok"
"68","고준휘","NC","__kojunhwi","team_ok"
"6083","장준원","KT","love__jh2","team_ok"
"23","김영웅","삼성","young.woong_30","team_ok"
"81","이유찬","두산","withbok__","team_ok"
"128","한유섬","SSG","hys_island","team_ok"
"133","김민성","롯데","kim_minsung16","team_ok"
"3","손호영","롯데","ho_zero_33","team_ok"
"7941","임종성","두산","5321tempia","team_ok"
"8168","장승현","삼성","jang_s_hy","team_ok"
"3770","도태훈","NC","dotaehun","team_ok"
"30","최재훈","한화","jh_hy_hn","team_ok"
"90","신재인","NC","s_jae_in","team_ok"
"119","추재현","키움","j_h_choo_","team_ok"
"2549","홍현빈","삼성","bean._.iya31","team_ok"
"78","정현창","KIA","wjdgusckd__","team_ok"
"142","조세진","롯데","sejin.c_5_","team_ok"
"8318","박채울","키움","qkrcodnf","team_ok"
"3754","염승원","키움","yumxswx","team_ok"
"172","주성원","키움","ju_seong_won","team_ok"
"76","이해승","삼성","haetmd","team_ok"
"84","함수호","삼성","hamsooho__","team_ok"
"72","류승민","두산","ryu.s.min_","team_ok"
"42","강민균","LG","min_kuk_00","team_ok"
"49","안치영","KT","chi_0_star","team_ok"
"163","장진혁","KT","j_jinhyuk_","team_ok"
"129","임근우","SSG","kw_07_22","team_ok"
"3779","손용준","LG","sonny50_","team_ok"
"107","윤정빈","삼성","jeong_jbin","team_ok"
"108","이창진","KIA","leechangjin66","team_ok"
"7934","차승준","삼성","jun.reflect","team_ok"
"7942","김창평","SSG","cp_kim_","team_ok"
"291","홍건희","KIA","_____guny","team_ok"
"305","양현","삼성","225studio.official","team_ok"
"318","최주형","두산","x.hyeong_15","team_ok"
"323","이우찬","LG","woochan.2","team_ok"
"381","이교훈","한화","hoon_kyo","team_ok"
"289","유영찬","LG","you.y.c","team_ok"
"218","김택연","두산","taekyeon_63","team_ok"
"380","손주영","LG","ju_young29","team_ok"
"346","성영탁","KIA","sy___t__65","team_ok"
"325","이태양","KIA","risingsun_46","team_ok"
"241","이형범","KIA","team_futures","team_ok"
"8119","이건욱","SSG","950213_lgw","team_ok"
"6987","김유영","LG","yu_zero_0","team_ok"
"269","조상우","KIA","940904no.11","team_ok"
"7011","현도훈","롯데","se.needs","team_ok"
"7951","곽도규","KIA","d0._.gyu","team_ok"
"259","올러","KIA","adamoller","team_ok"
"3775","원종현","키움","225studio.official","team_ok"
"272","후라도","삼성","ariel.b_30","team_ok"
"389","손동현","KT","_sdh______","team_ok"
"297","배찬승","삼성","c_s_bae_0101","team_ok"
"351","한재승","KIA","jae_seung_25","team_ok"
"8080","이종준","LG","zzong_zzun","team_ok"
"239","이진하","롯데","jh_06.02_","team_ok"
"204","왕옌청","한화","225studio.official","team_ok"
"387","김진성","LG","_k_j_sunshine__","team_ok"
"207","보쉴리","KT","calebboushley","team_ok"
"372","박치국","두산","park_chi_guk","team_ok"
"210","곽빈","두산","gwakbeen_","team_ok"
"279","톨허스트","LG","anders_tolhurst","team_ok"
"280","김명신","두산","myungsin.kim","team_ok"
"238","이준혁","NC","leejunhyuk05","team_ok"
"339","박영현","KT","park_0_hyun","team_ok"
"283","나균안","롯데","ananane__","team_ok"
"231","양창섭","삼성","cello_min_","team_ok"
"249","조병현","SSG","bhyeongj","team_ok"
"3756","원태인","삼성","won_tae_in","team_ok"
"3768","박준현","키움","junhyun__18","team_ok"
"228","소형준","KT","hj_so_30","team_ok"
"3758","전사민","NC","jin_woo_11","team_ok"
"364","장찬희","삼성","cks_gml_60","team_ok"
"232","우규민","KT","w.kyumin","team_ok"
"2619","최지민","KIA","ji_min_39","team_ok"
"3370","신영우","NC","_sxyxw43_","team_ok"
"266","김재윤","삼성","extraordinaryleia","team_ok"
"376","임찬규","LG","channnnnnnnnnnnnnm","team_ok"
"369","김원중","롯데","wonjungkeem","team_ok"
"3753","안우진","키움","anwoojin41","team_ok"
"248","조동욱","한화","c_ukkk_1102","team_ok"
"252","최지광","삼성","g.gwang__","team_ok"
"329","송승기","LG","s.o_o._n_g_tnd._13","team_ok"
"247","정해영","KIA","hai._.young._.62","team_ok"
"264","오러클린","삼성","_jackoloughlin_","team_ok"
"284","최민준","SSG","3c_mjw11","team_ok"
"285","임기영","삼성","mireu.0918","team_ok"
"343","양현종","KIA","yangyang545454","team_ok"
"242","전용주","KT","yongjuraggi","team_ok"
"370","노경은","SSG","team_futures","team_ok"
"203","하영민","키움","ha_no.50","team_ok"
"330","오원석","KT","wswswswswsws47","team_ok"
"3802","버하겐","NC","drewverhagen","team_ok"
"350","최원태","삼성","wontae20","team_ok"
"209","고영표","KT","youngsta.r2","team_ok"
"277","신민혁","NC","god__minhyeok","team_ok"
"212","권민규","한화","min_x__64","team_ok"
"378","박진형","키움","jinh._.p","team_ok"
"225","배재환","NC","baejh61","team_ok"
"295","최승용","두산","csyooooong","team_ok"
"326","박세웅","롯데","p.s.w3221","team_ok"
"3750","김종수","한화","","drop_no_team"
"8017","배제성","KT","je_seong19","team_ok"
"8395","김도현","SSG","xandheart","team_ok"
"296","문동주","한화","dongjumoon_","team_ok"
"382","이로운","SSG","_roun92_","team_ok"
"201","플렉센","두산","chris_flexen","team_ok"
"2631","오석주","키움","sjooooooh______","team_ok"
"306","우강훈","LG","kanghoon.w","team_ok"
"271","함덕주","LG","ejrwn1956","team_ok"
"301","백승건","SSG","00_seung_geon_","team_ok"
"206","베니지아노","SSG","anthonyvenez","team_ok"
"230","양재훈","두산","yang__jae__hoon","team_ok"
"226","백정현","삼성","baek_junghyun","team_ok"
"246","정철원","롯데","team_futures","team_ok"
"360","이민석","롯데","__lm_seok","team_ok"
"400","박시후","SSG","park_si_hoo_01","team_ok"
"338","황준서","한화","jun__seo_29","team_ok"
"319","정우주","한화","universe.__j","team_ok"
"2635","윤산흠","한화","yun_s_h_32","team_ok"
"357","치리노스","LG","yonnychirinos56","team_ok"
"287","강재민","한화","kang_jm_55","team_ok"
"3764","한두솔","SSG","han_doosol","team_ok"
"221","박윤성","키움","_y.star_","team_ok"
"2557","윤석원","키움","dbstjrdnjs_","team_ok"
"7382","김건국","KIA","kimkk43__yj","team_ok"
"3780","최이준","롯데","c__hoi0410","team_ok"
"322","이기순","SSG","0neirks","team_ok"
"275","조영건","키움","0_gguny","team_ok"
"281","전준표","키움","j_pyo_507","team_ok"
"3757","목지훈","NC","_mxkzi__","team_ok"
"309","김재웅","키움","kim_jae_woong28","team_ok"
"8336","이태양","키움","risingsun_46","team_ok"
"8049","김강률","LG","kimkangr","team_ok"
"220","박신지","두산","park_shin_zi_49","team_ok"
"356","전영준","SSG","youngjay_","team_ok"
"236","이의리","KIA","euileelee","team_ok"
"300","배재준","LG","bae_jae_jun25","team_ok"
"254","하준영","NC","junyeong2364","team_ok"
"385","원종혁","한화","won__jonghyeok","team_ok"
"8138","김무신","삼성","yun_star_48","team_ok"
"8043","한차현","KT","__chacha__2_","team_ok"
"379","정현우","키움","__hyun__wo","team_ok"
"3782","성동현","LG","sd_hyun_58","team_ok"
"233","육선엽","삼성","sunyeopyook","team_ok"
"391","문용익","KT","moon_dragon_ik","team_ok"
"294","백승현","LG","95_5.26","team_ok"
"273","김서현","한화","kim._.s._.h","team_ok"
"217","김시훈","KIA","si_hooooon","team_ok"
"8078","이상영","LG","_lee_s_y_","team_ok"
"263","최지강","두산","j_kang_01","team_ok"
"397","주현상","한화","jjooooooo66","team_ok"
"4157","신동건","롯데","s1nd0ngun","team_ok"
"4158","최충연","롯데","chung_yeonnnn","team_ok"
"293","김도빈","한화","kdv0101091","team_ok"
"261","김윤하","키움","rladbsgk19","team_ok"
"373","엄상백","한화","102jjang","team_ok"
"7386","박세진","롯데","se___jin41","team_ok"
"311","김택형","SSG","kim._.t_h","team_ok"
"4169","박지훈","KT","0529.jihoon.ig","team_ok"
